{"cameraMode":{"drawMode":0,"name":"Shaded","section":"Shading Mode"},"sceneLighting":false,"audioPlay":false,"sceneViewState":{"showFog":true,"showMaterialUpdate":false,"showSkybox":false,"showFlares":true,"showImageEffects":true,"showParticleSystems":true},"in2DMode":false,"pivot":{"x":-2.384185791015625e-7,"y":-0.14113843441009522,"z":-1.2341465950012208},"rotation":{"x":0.0003382373251952231,"y":0.9965236186981201,"z":-0.08361288905143738,"w":0.00509355403482914},"size":5.032778739929199,"orthographic":false}