{"cameraMode":{"drawMode":0,"name":"Shaded","section":"Shading Mode"},"sceneLighting":false,"audioPlay":false,"sceneViewState":{"showFog":true,"showMaterialUpdate":false,"showSkybox":false,"showFlares":true,"showImageEffects":true,"showParticleSystems":true},"in2DMode":false,"pivot":{"x":-20.256126403808595,"y":2.5679068565368654,"z":0.7355165481567383},"rotation":{"x":-0.16107413172721864,"y":-0.32739466428756716,"z":0.05673230439424515,"w":-0.929366946220398},"size":14.084778785705567,"orthographic":false}