{"cameraMode":{"drawMode":0,"name":"Shaded","section":"Shading Mode"},"sceneLighting":false,"audioPlay":false,"sceneViewState":{"showFog":true,"showMaterialUpdate":false,"showSkybox":false,"showFlares":true,"showImageEffects":true,"showParticleSystems":true},"in2DMode":false,"pivot":{"x":9.5367431640625e-7,"y":-0.4369274377822876,"z":-0.899592399597168},"rotation":{"x":-0.04920996353030205,"y":0.9460537433624268,"z":-0.1718420535326004,"w":-0.27038252353668215},"size":10.713837623596192,"orthographic":false}