{"cameraMode":{"drawMode":0,"name":"Shaded","section":"Shading Mode"},"sceneLighting":false,"audioPlay":false,"sceneViewState":{"showFog":true,"showMaterialUpdate":false,"showSkybox":false,"showFlares":true,"showImageEffects":true,"showParticleSystems":true},"in2DMode":false,"pivot":{"x":-0.46365684270858767,"y":0.3417692184448242,"z":-0.6069973707199097},"rotation":{"x":0.11681531369686127,"y":-0.15280994772911073,"z":0.018188832327723504,"w":0.9811725616455078},"size":0.1170855164527893,"orthographic":false}