{"cameraMode":{"drawMode":0,"name":"Shaded","section":"Shading Mode"},"sceneLighting":true,"audioPlay":false,"sceneViewState":{"showFog":true,"showMaterialUpdate":false,"showSkybox":true,"showFlares":true,"showImageEffects":true,"showParticleSystems":true},"in2DMode":false,"pivot":{"x":-36.67317581176758,"y":-6.818879127502441,"z":-9.378824234008789},"rotation":{"x":0.1155504658818245,"y":-0.838816225528717,"z":0.19596341252326966,"w":0.49463316798210146},"size":30.266963958740236,"orthographic":false}